{"cameraMode":{"drawMode":0,"name":"Shaded","section":"Shading Mode"},"sceneLighting":false,"audioPlay":false,"sceneViewState":{"m_AlwaysRefresh":false,"showFog":true,"showSkybox":false,"showFlares":true,"showImageEffects":true,"showParticleSystems":true,"showVisualEffectGraphs":true,"m_FxEnabled":true},"in2DMode":false,"pivot":{"x":1.543343186378479,"y":1.8341492414474488,"z":-0.3862491250038147},"rotation":{"x":-0.030651729553937913,"y":0.9668635725975037,"z":-0.21094605326652528,"w":-0.14049369096755982},"size":5.748754501342773,"orthographic":false}